{
	"sounds": [
		{
			"name": "entity/ghastling/sounds/hurt1",
			"volume": 1.0,
			"weight": 1
		},
		{
			"name": "entity/ghastling/sounds/hurt2",
			"volume": 1.0,
			"weight": 1
		},
		{
			"name": "entity/ghastling/sounds/hurt3",
			"volume": 1.0,
			"weight": 1
		},
		{
			"name": "entity/ghastling/sounds/hurt4",
			"volume": 1.0,
			"weight": 1
		},
		{
			"name": "entity/ghastling/sounds/hurt5",
			"volume": 1.0,
			"weight": 1
		},
		{
			"name": "entity/ghastling/sounds/hurt6",
			"volume": 1.0,
			"weight": 1
		}
	]
}